Model,MAE,MSE,RMSE,R2
Ridge Regression,50.58568070092404,11643.553741608055,107.9052998772908,0.3593299775309138
XGBoost Regressor,49.53139703399257,12095.911947313487,109.98141637255581,0.33443960915671755
Dummy Baseline,61.65263157894737,20885.694736842106,144.51883869185397,-0.14920571616540879
