Model,MAE,MSE,RMSE,R2
Ridge Regression,65.5337915858519,36511.86336330544,191.0807770637995,0.16516603039839495
